{
  "project_info": {
    "project_number": "304841806327",
    "project_id": "my-application-4db33",
    "storage_bucket": "my-application-4db33.appspot.com"
  },
  "client": [
    {
      "client_info": {
        "mobilesdk_app_id": "1:304841806327:android:9cdff05af54ee836899ef2",
        "android_client_info": {
          "package_name": "com.example.myapplication"
        }
      },
      "oauth_client": [],
      "api_key": [
        {
          "current_key": "AIzaSyBEUuUPUaOFIHKNTUk5qta-IxroNt0FCRM"
        }
      ],
      "services": {
        "appinvite_service": {
          "other_platform_oauth_client": []
        }
      }
    }
  ],
  "configuration_version": "1"
}